<?xml version="1.0" encoding="UTF-8"?>
<!DOCTYPE hibernate-mapping PUBLIC
"-//hibernate/hibernate mapping dtd2.0//en"
"http://hibernate.sourceforge.net/hibernate-mapping-3.0.dtd">
<hibernate-mapping>
<class name="mypojo" table="login1">
<id name="firstname" column="firstname" type="string">
<generator class ="assigned"></generator></id>
<property name="lastname" type="string" column="lastname" />
<property name="email" type="string" column="email" />
<property name="password" type="string" column="password" />
<property name="confirmpassword" type="string" column="confirmpassword" />

</class>
</hibernate-mapping>